<project xmlns="http://maven.apache.org/POM/4.0.0" xmlns:xsi="http://www.w3.org/2001/XMLSchema-instance"
  xsi:schemaLocation="http://maven.apache.org/POM/4.0.0 http://maven.apache.org/xsd/maven-4.0.0.xsd">
  <modelVersion>4.0.0</modelVersion>

  <groupId>EurofinsWebsitesAutomationProd</groupId>
  <artifactId>CorporateWebsiteAutomationProd</artifactId>
  <version>0.0.1-SNAPSHOT</version>
  <packaging>jar</packaging>

  <name>CorporateWebsiteAutomationProd</name>
  <url>http://maven.apache.org</url>

  <properties>
    <project.build.sourceEncoding>UTF-8</project.build.sourceEncoding>
    <maven.compiler.source>1.6</maven.compiler.source>
    <maven.compiler.target>1.6</maven.compiler.target>
  </properties>
  
 <dependencies>

		 <dependency>
	        <groupId>org.seleniumhq.selenium</groupId>
	        <artifactId>selenium-java</artifactId>
	        <version>3.141.59</version>
   		</dependency>
    
    	<!-- https://mvnrepository.com/artifact/org.testng/testng -->
		<dependency>
		    <groupId>org.testng</groupId>
		    <artifactId>testng</artifactId>
		    <version>7.1.0</version>
		    <scope>compile</scope>
		</dependency>
    	
    	<!-- https://mvnrepository.com/artifact/org.apache.poi/poi -->
		<dependency>
		    <groupId>org.apache.poi</groupId>
		    <artifactId>poi</artifactId>
		    <version>4.1.2</version>
		</dependency>
    	
    	<!-- https://mvnrepository.com/artifact/org.apache.poi/poi-ooxml -->
		<dependency>
		    <groupId>org.apache.poi</groupId>
		    <artifactId>poi-ooxml</artifactId>
		    <version>4.1.2</version>
		</dependency>
    	
    	<!-- https://mvnrepository.com/artifact/org.apache.poi/poi-ooxml-schemas -->
		<dependency>
		    <groupId>org.apache.poi</groupId>
		    <artifactId>poi-ooxml-schemas</artifactId>
		    <version>4.1.2</version>
		</dependency>
    	
    	<!-- https://mvnrepository.com/artifact/org.apache.poi/poi-scratchpad -->
		<dependency>
		    <groupId>org.apache.poi</groupId>
		    <artifactId>poi-scratchpad</artifactId>
		    <version>4.1.2</version>
		</dependency>
    	
    	<!-- https://mvnrepository.com/artifact/org.apache.poi/ooxml-schemas -->
		<dependency>
		    <groupId>org.apache.poi</groupId>
		    <artifactId>ooxml-schemas</artifactId>
		    <version>1.4</version>
		</dependency>
    	
    	<!-- https://mvnrepository.com/artifact/org.apache.poi/poi-excelant -->
		<dependency>
		    <groupId>org.apache.poi</groupId>
		    <artifactId>poi-excelant</artifactId>
		    <version>4.1.2</version>
		</dependency>
		
		<!-- https://mvnrepository.com/artifact/org.apache.poi/openxml4j -->
		<dependency>
		    <groupId>org.apache.poi</groupId>
		    <artifactId>openxml4j</artifactId>
		    <version>1.0-beta</version>
		</dependency>
		
		
		<!-- https://mvnrepository.com/artifact/com.relevantcodes/extentreports -->
		<dependency>
		    <groupId>com.relevantcodes</groupId>
		    <artifactId>extentreports</artifactId>
		    <version>2.41.2</version>
		</dependency>
		
		<!-- https://mvnrepository.com/artifact/commons-io/commons-io -->
		<dependency>
		    <groupId>commons-io</groupId>
		    <artifactId>commons-io</artifactId>
		    <version>2.6</version>
		</dependency>
	</dependencies> 

</project>
